{"Mloss": NaN, "Gloss": NaN, "loss": NaN, "_timestamp": 1722793698.0224319, "_runtime": 149.24981093406677, "_step": 101}