{"Mloss": NaN, "Gloss": NaN, "loss": NaN, "_timestamp": 1722793116.5619502, "_runtime": 56.8847291469574, "_step": 58}